{
  "ticker": "ITC.NS",
  "horizon_days": 21,
  "feature_cols": [
    "daily_return",
    "log_return",
    "sma_10",
    "sma_20",
    "sma_50",
    "sma_200",
    "ema_10",
    "ema_20",
    "ema_50",
    "macd_12_26_9",
    "macdh_12_26_9",
    "macds_12_26_9",
    "adx_14",
    "dmp_14",
    "dmn_14",
    "rsi_14",
    "rsi_7",
    "stochk_14_3_3",
    "stochd_14_3_3",
    "momentum_10",
    "roc_10",
    "willr_14",
    "atr_14",
    "bbl_20_2_0",
    "bbm_20_2_0",
    "bbu_20_2_0",
    "bbb_20_2_0",
    "bbp_20_2_0",
    "volatility_10",
    "volatility_20",
    "volatility_60",
    "volatility_annualized",
    "volume_sma_20",
    "volume_change",
    "obv",
    "mfi_14",
    "price_to_sma20",
    "price_to_sma50",
    "high_low_range",
    "close_to_high",
    "close_to_low",
    "return_lag_1",
    "return_lag_2",
    "return_lag_3",
    "return_lag_5",
    "return_lag_10",
    "cum_return_5d",
    "cum_return_20d",
    "cum_return_60d",
    "fund_revenue_growth",
    "fund_debt_to_equity",
    "fund_operating_margin",
    "fund_roe",
    "fund_pe_ratio",
    "fund_eps"
  ],
  "n_train_rows": 274,
  "validation_r2": -2.9776,
  "directional_accuracy_holdout": 0.5273,
  "directional_accuracy_cv": 0.5278,
  "confidence_score": 57,
  "top_features": {
    "obv": 0.1860775351524353,
    "sma_50": 0.10575049370527267,
    "volume_sma_20": 0.10273980349302292,
    "volatility_60": 0.05420482158660889,
    "ema_50": 0.0488642081618309,
    "dmp_14": 0.044814419001340866,
    "ema_20": 0.04354242607951164,
    "macd_12_26_9": 0.033484041690826416,
    "bbl_20_2_0": 0.026883190497756004,
    "sma_20": 0.024525295943021774
  },
  "data_source": "kaggle_csv"
}