{
  "ticker": "LT.NS",
  "horizon_days": 21,
  "feature_cols": [
    "daily_return",
    "log_return",
    "sma_10",
    "sma_20",
    "sma_50",
    "sma_200",
    "ema_10",
    "ema_20",
    "ema_50",
    "macd_12_26_9",
    "macdh_12_26_9",
    "macds_12_26_9",
    "adx_14",
    "dmp_14",
    "dmn_14",
    "rsi_14",
    "rsi_7",
    "stochk_14_3_3",
    "stochd_14_3_3",
    "momentum_10",
    "roc_10",
    "willr_14",
    "atr_14",
    "bbl_20_2_0",
    "bbm_20_2_0",
    "bbu_20_2_0",
    "bbb_20_2_0",
    "bbp_20_2_0",
    "volatility_10",
    "volatility_20",
    "volatility_60",
    "volatility_annualized",
    "volume_sma_20",
    "volume_change",
    "obv",
    "mfi_14",
    "price_to_sma20",
    "price_to_sma50",
    "high_low_range",
    "close_to_high",
    "close_to_low",
    "return_lag_1",
    "return_lag_2",
    "return_lag_3",
    "return_lag_5",
    "return_lag_10",
    "cum_return_5d",
    "cum_return_20d",
    "cum_return_60d",
    "fund_revenue_growth",
    "fund_debt_to_equity",
    "fund_operating_margin",
    "fund_roe",
    "fund_pe_ratio",
    "fund_eps"
  ],
  "n_train_rows": 274,
  "validation_r2": 0.1405,
  "directional_accuracy_holdout": 0.6182,
  "directional_accuracy_cv": 0.4056,
  "confidence_score": 64,
  "top_features": {
    "sma_50": 0.3536169230937958,
    "ema_50": 0.3256968557834625,
    "volatility_60": 0.0562911182641983,
    "cum_return_60d": 0.022009339183568954,
    "sma_200": 0.0209696926176548,
    "bbm_20_2_0": 0.020110761746764183,
    "volume_sma_20": 0.019839392974972725,
    "obv": 0.019027933478355408,
    "atr_14": 0.017024261876940727,
    "sma_10": 0.012687209993600845
  },
  "data_source": "kaggle_csv"
}