{
  "ticker": "TCS.NS",
  "horizon_days": 21,
  "feature_cols": [
    "daily_return",
    "log_return",
    "sma_10",
    "sma_20",
    "sma_50",
    "sma_200",
    "ema_10",
    "ema_20",
    "ema_50",
    "macd_12_26_9",
    "macdh_12_26_9",
    "macds_12_26_9",
    "adx_14",
    "dmp_14",
    "dmn_14",
    "rsi_14",
    "rsi_7",
    "stochk_14_3_3",
    "stochd_14_3_3",
    "momentum_10",
    "roc_10",
    "willr_14",
    "atr_14",
    "bbl_20_2_0",
    "bbm_20_2_0",
    "bbu_20_2_0",
    "bbb_20_2_0",
    "bbp_20_2_0",
    "volatility_10",
    "volatility_20",
    "volatility_60",
    "volatility_annualized",
    "volume_sma_20",
    "volume_change",
    "obv",
    "mfi_14",
    "price_to_sma20",
    "price_to_sma50",
    "high_low_range",
    "close_to_high",
    "close_to_low",
    "return_lag_1",
    "return_lag_2",
    "return_lag_3",
    "return_lag_5",
    "return_lag_10",
    "cum_return_5d",
    "cum_return_20d",
    "cum_return_60d",
    "fund_revenue_growth",
    "fund_debt_to_equity",
    "fund_operating_margin",
    "fund_roe",
    "fund_pe_ratio",
    "fund_eps"
  ],
  "n_train_rows": 274,
  "validation_r2": -0.906,
  "directional_accuracy_holdout": 0.3818,
  "directional_accuracy_cv": 0.5944,
  "confidence_score": 63,
  "top_features": {
    "macd_12_26_9": 0.21799775958061218,
    "macds_12_26_9": 0.1123628318309784,
    "price_to_sma20": 0.06482263654470444,
    "ema_10": 0.0640806257724762,
    "dmp_14": 0.0639786571264267,
    "price_to_sma50": 0.041391775012016296,
    "sma_200": 0.03569899499416351,
    "bbm_20_2_0": 0.03121902421116829,
    "ema_50": 0.028196610510349274,
    "cum_return_20d": 0.02787143737077713
  },
  "data_source": "kaggle_csv"
}